Time	A1	A2	A3	A4	A5	A6	A7	A8	B1	B2	B3	B4	B5	B6	B7	B8	C1	C2	C3	C4	C5	C6	C7	C8	D1	D2	D3	D4	D5	D6	D7	D8	E1	E2	E3	E4	E5	E6	E7	E8	F1	F2	F3	F4	F5	F6	F7	F8	
0	0,0324472486446121	0,0335080339094155	0,0335790571642731	0,0335430140610119	0,0338436414921875	0,0340282566762575	0,033778408340169	0,0341800394226695	0,0335785270969649	0,0338866052608979	0,0335355937934156	0,03382613895303	0,0343010790652864	0,0340744227371427	0,0338542494349807	0,0340807908548276	0,0335382438744318	0,0340335628704218	0,0339237378677396	0,0339911151322612	0,0343047957284667	0,0342373697851461	0,0340372772449116	0,0339762594040099	0,0334794158808715	0,0338712226824094	0,0337826508488971	0,0339656484806567	0,0341757930301993	0,0349275202395458	0,0343063885938523	0,0341577463253923	0,0334470903760492	0,0341200629773822	0,03400544078007	0,0346473962559122	0,0345326348147857	0,0343876324762043	0,0344125927990512	0,0345772606606926	0,0328561168956419	0,0344269323567102	0,0342150737448821	0,0346574924635388	0,03471169716966	0,0341423541403413	0,0342612596699895	0,0339974820285039	
0,646388888888889	0,0322994776775159	0,0334253766169579	0,0334958423105192	0,033484097234252	0,0338136137598255	0,0339621648604148	0,0337559169619047	0,0341540740427945	0,03275865401756	0,0338205592616457	0,0334990455682649	0,0336485572137499	0,0342556759044432	0,0340626526857487	0,0337612589360114	0,0340268378685767	0,0334413905433862	0,0339626993086198	0,0337516434299288	0,0338429993343826	0,034221449464596	0,0341695801583326	0,0339311679897966	0,0338413964335914	0,0334648787036607	0,0339327712219528	0,0338494109967079	0,0340471503874272	0,034215032307406	0,0348941724020882	0,0343027416639525	0,0341417764827449	0,0334168360976341	0,0341685107532798	0,0340113368486025	0,0345831025295631	0,0345467096006363	0,0343203926388639	0,0344375491081668	0,0345376118448922	0,0328844528891594	0,0344006333856817	0,0341604902993187	0,0346815928069063	0,0347586877376169	0,0340808284988491	0,0342038025104796	0,0339514760344304	
1,22916666666667	0,0324778457228065	0,0335563639056491	0,0335892327123088	0,0335330391648066	0,0339005494222686	0,034094240539819	0,0338368890148132	0,034238636415756	0,032884159600498	0,0339498926572138	0,0335823406596331	0,0337774810524884	0,0343166938817293	0,0341239651781331	0,0338920608287648	0,0341032638756794	0,0335791597491332	0,0340544339430461	0,0339159354208973	0,0339721785365645	0,0343220044231217	0,0342662469769783	0,0340677024032416	0,0339578517685588	0,033624755026034	0,0340151616765205	0,033898427258338	0,0340937097611951	0,0343050109192398	0,0350411201029367	0,0344569139512176	0,0342381054606275	0,0336083189674754	0,0342179296467332	0,0341207802981433	0,0346981559017773	0,034711975577828	0,0344452272161076	0,0345201340156446	0,0346609512672604	0,0329328581230024	0,034624281246489	0,034337936436933	0,0347204802124412	0,0347465266920082	0,0342035947695815	0,0343443094061108	0,0340454116216577	
1,83861111111111	0,0323456299210414	0,0334968014607987	0,0335345703383849	0,0335196751775063	0,0338554722969741	0,0340221368276309	0,0338171431769883	0,0342432124268562	0,0327729124921315	0,0338586665430062	0,0335255267869258	0,0337239962220976	0,0342949017488148	0,0340732672027557	0,0338091583694238	0,034063679798878	0,033440420234188	0,0339992366323152	0,0338102230019503	0,0339151020971123	0,0343114223139674	0,0342591981579879	0,0339742075674299	0,033874638125583	0,0335627661488126	0,03401947395218	0,0338426955477776	0,0340594187984239	0,0342757173650056	0,0349866383320373	0,0343897703247951	0,034257066693173	0,0334978653278857	0,0347774544812873	0,0340732672027557	0,0346579660742292	0,034610499894034	0,0344030962228376	0,0344979884386668	0,0346136996981623	0,0329163188552856	0,034544909104339	0,0341877997807639	0,0348041304894075	0,0348094658876622	0,0341446467516631	0,0342581324242728	0,0340769956947563	
2,46027777777778	0,0324595241470883	0,0335378602398635	0,0336077615115617	0,0335262111216695	0,0338954283178549	0,0341313195043269	0,0338668120353134	0,0343588505734482	0,0328822893283375	0,0338986080212002	0,0335749276948704	0,0337359430713185	0,0343036805790564	0,0341429848649257	0,0338599232118545	0,0341191242350799	0,0336368903623299	0,0340348271738332	0,0338646923856876	0,0339765180262354	0,0343217161523038	0,034272915741459	0,0340459598101951	0,0339452463451116	0,0337481275851856	0,0341514689603543	0,034093674341431	0,0342951935096283	0,0343981104143491	0,0350857327574081	0,0344734568066854	0,0343683999378353	0,0336872084340348	0,0343689304642357	0,0341557110702218	0,0348339207138296	0,0346873632107695	0,0345100735057666	0,0346172879711394	0,0347553257581712	0,0330768995936516	0,0347691319502758	0,0344172110797448	0,0348939386017293	0,0349061556479898	0,0343572590331309	0,0345063586274621	0,0341567716041631	
3,07305555555556	0,0323800205529145	0,0334864917276914	0,0335614916475916	0,0335487247890704	0,0338727999465091	0,0340969736535522	0,0339590478671644	0,0343404476591768	0,0328152609227999	0,0338962236134364	0,033576386790225	0,0337407992646708	0,0343271249824248	0,0340932453536002	0,0338658795594105	0,0340746043339215	0,0334758544899812	0,0339526585448794	0,0338547007055012	0,0338994178477218	0,0342605177283909	0,0342482631063227	0,0340921801309211	0,0339164541607022	0,0336482098267248	0,0341220073535945	0,0339957882945916	0,034182733387415	0,0343793522144961	0,0351079905478456	0,0345158121750748	0,0343313881945196	0,0336710892883477	0,034352704882758	0,0341497058947487	0,0347653889356507	0,0347189824015765	0,0345152790449278	0,0346037876133604	0,034761654893142	0,0330643934076446	0,034705648107783	0,0344246564311599	0,0348758244216473	0,0349366559582595	0,0342562552119294	0,0344438455241512	0,0342072392793314	
3,68194444444444	0,0324568465057286	0,0335776317200868	0,0336360576060701	0,0336349952470751	0,0339596668525286	0,0341579900125938	0,0339500985881837	0,0344383490463643	0,0328755427318632	0,0339639194821265	0,0336031256855642	0,0337864076098393	0,0343595961627695	0,0341388449541885	0,0339097015737434	0,0341468219592914	0,0335914407656174	0,0340883273240942	0,0339240527143217	0,0339772092180218	0,0343425703897631	0,034311180870493	0,0341037478722832	0,0342723461305866	0,0338050057505142	0,034242025528654	0,0341968145276318	0,0343702376098562	0,0345543759311943	0,0352176012163982	0,0346065449073103	0,0344122738751488	0,033803942978163	0,0344447350412361	0,034242025528654	0,0349447305213822	0,0348861283252509	0,0346438122988194	0,0347162266601501	0,0348424481956951	0,0331816052559374	0,0348403175700426	0,0345543759311943	0,0349740345850563	0,0350182608249446	0,0343941818191955	0,034540536234213	0,0343377820113638	
4,41444444444444	0,032286494175604	0,0335807776574562	0,0336414421557567	0,03355842971505	0,0339507499533887	0,0341584984437038	0,0339736506822718	0,0344879035408626	0,032747764520623	0,0339811069941292	0,0336254769925083	0,0338101765894566	0,0343802064250698	0,0341398502887985	0,0338879122957892	0,0341616953506607	0,0336712453641888	0,0341377191220796	0,0339555430292787	0,03397950920224	0,0343930007240349	0,0343253018382097	0,0341350551783874	0,0343743424973421	0,0338314726594403	0,0343823387820558	0,0341941985739445	0,0343706109481933	0,0346105614949636	0,0352943474699005	0,0347706022101693	0,0345561610837961	0,0337409715731454	0,0346254961332843	0,0343652802193126	0,0348842669301026	0,034946181357731	0,0346633684114368	0,0348228949592158	0,0349387084584314	0,0331840067196524	0,0349242968014681	0,0345294967042472	0,0350721724461516	0,0351303755869585	0,0343908683146989	0,0346094947547355	0,0343029155521792	
4,99472222222222	0,0323807469224563	0,0336059351594399	0,0336245171804371	0,0335454163741079	0,0339766640103061	0,0341791581965602	0,0339495656528767	0,0345035582066975	0,0327461920900428	0,0338666870540675	0,0335677117875596	0,0337625799466742	0,0343322873509543	0,0340707243701104	0,0338390643687896	0,0341669314599461	0,0334912751347301	0,0340202374634817	0,0338215354989668	0,0339118433038512	0,0343386689042435	0,034324310541206	0,034013860587497	0,0342977222334732	0,0338879364691013	0,0344088721800069	0,0342865556296128	0,0344338715408785	0,0346754288446592	0,0353747867090195	0,0347015080422249	0,0344727031889776	0,03384118912836	0,0346019897234814	0,0343264376761466	0,0349677118623569	0,0349751679181914	0,0347275888059293	0,0348266035149284	0,0349011456084349	0,0332249136170812	0,0349831566914937	0,0346184858358992	0,0350561276220838	0,0350859586862367	0,0344993022118532	0,0343923840274197	0,0344636598922956	
5,55416666666667	0,0325495888736715	0,0336974376426425	0,0337999579820535	0,0337739272098254	0,0341629576086911	0,0343033492036184	0,0342602696834211	0,0347780386280161	0,032966155459732	0,0340332420847787	0,0336830973484458	0,033806864367186	0,0344304852922544	0,0341698697688985	0,0339088791546205	0,0341618942091928	0,0335768876889255	0,0340353682564431	0,0338615880705571	0,0339157872721071	0,0342794156092834	0,0342501652294961	0,0340109179107271	0,0342246392351295	0,0339136616857922	0,0343357946263035	0,0343161143265923	0,0344959296707972	0,0345496759254871	0,0352473840954474	0,0346332352916238	0,0345033792496188	0,0337378054576718	0,0344272931357985	0,0341730600337919	0,0349127703788461	0,0348232995737259	0,0346438809514198	0,0347210697900292	0,0347924151231115	0,0330966134006058	0,0348094545483997	0,0344767741977165	0,0349175639779017	0,034946326683402	0,0343230289248663	0,0345491437517486	0,034179972354791	
6,13916666666667	0,0325321658697534	0,0337251198245251	0,0338098886400732	0,0337182330849944	0,0340828506580965	0,0343623506741097	0,0340992868571146	0,0346372528535565	0,0329127087040931	0,0340250637998279	0,0337097572477915	0,0338798353709376	0,034478021891754	0,0342520141889913	0,0340070401144514	0,0342827782751106	0,0336218301963434	0,0342037507901005	0,0340171120817202	0,0340976962300233	0,0344886354731055	0,0344371620250332	0,0341788256404318	0,0344127540686591	0,0341512505458727	0,0346335367991525	0,0344923502878583	0,0346261047857326	0,0348347803600739	0,035589078260559	0,0349675778342563	0,0347259167236469	0,034092924383704	0,0348188473915825	0,0345528531725145	0,0352253207933541	0,0352263839676708	0,0349590775795553	0,0350913816493686	0,0351370863968476	0,0338528091621821	0,0352460531620085	0,0349383589057015	0,0353507933326412	0,0353741905277734	0,0348422159454148	0,0349187036415841	0,0345586916160746	
6,78583333333333	0,0326356899744744	0,033791463492066	0,0338699324648997	0,0337559450374423	0,034167501080469	0,0343898823805472	0,0342051758185679	0,0346708081406636	0,0330170781197645	0,0341075466168547	0,0337469333542526	0,03391447521679	0,0344843891008793	0,0342863733375956	0,0340311564606682	0,0343224659973266	0,0337448129853833	0,0342391389469027	0,034124524032001	0,0341367269590895	0,0345045673569778	0,0344328856977538	0,0342343627214882	0,0344535925174065	0,0342630208619167	0,034714901836513	0,0346341553431819	0,0347924751064485	0,0349784948669652	0,0356802404226895	0,0350917401899207	0,0348833490921775	0,0342460380319028	0,0349290589857372	0,0346644335188904	0,0354438931547397	0,035324703689762	0,0351002480733677	0,0351959732485478	0,0353055512906579	0,0338948546321576	0,0353784413187923	0,0350135818097497	0,0355029679144639	0,0355146773796136	0,0349210859834911	0,0351332176960695	0,0347074640317627	
7,34666666666667	0,0324525755408073	0,0337515800786936	0,0338384617147551	0,0337767846895177	0,0341705955518382	0,0343901901496794	0,0342221285666603	0,0346808270287799	0,0329281407255198	0,0341126282183972	0,0337580151594207	0,033947356454586	0,0345207109350247	0,0342661511929338	0,0340364236819605	0,0342580979400016	0,0336631073864869	0,0341974349006925	0,034051448870259	0,0341169218296232	0,0345029835881431	0,0344465832071218	0,034164691117677	0,0344347669124805	0,0343042719499053	0,0348237993287404	0,0347157595237808	0,0349490731461085	0,0350776104531736	0,0357871321639383	0,035202419467715	0,0349786494913115	0,0341985085091477	0,0350431866913505	0,0346711539115443	0,035380011349065	0,0353633253844622	0,0351362447040605	0,0352217895988568	0,0353999276944598	0,0338041360285077	0,0354359947525704	0,0349216496075174	0,0355323677056863	0,0355372138378717	0,0347420951083648	0,0349415449434717	0,0347877830739876	
7,93222222222222	0,0324585097682257	0,0338638263122161	0,0339266033128823	0,0338499953116424	0,0342187953499299	0,03445844371383	0,0342576626550372	0,0348352252177038	0,0328717721961399	0,0341724785837006	0,0338090368551824	0,0339819397191398	0,0346102894372437	0,0343375378993058	0,0341032788264257	0,034437668954376	0,0336016442419034	0,0343130412625837	0,0340777309337672	0,0341123273988135	0,0346470600702183	0,0345479463478457	0,0342230546109187	0,0345655293900403	0,0345319623817518	0,0351915230375894	0,0349696026361634	0,0351232277583338	0,0353564363812093	0,0360974508579196	0,0353836611102059	0,0351600418480182	0,0344888086115306	0,0353815257756643	0,0350442747274386	0,035579088664578	0,0357687267656518	0,0353676463570511	0,0355224803805789	0,0356378409128208	0,0341708815419296	0,0358611719711636	0,0353206731543231	0,0358536901244315	0,0358376580297382	0,035184052718305	0,0353425577643806	0,0350309394837522	
8,54	0,0325584657416487	0,0337886882213494	0,0338853029790441	0,0338008965922416	0,0341635886287154	0,0344117531151165	0,0341970586477479	0,0347111207936136	0,0329402514751073	0,0340817838841716	0,0337265900821025	0,0339697257736607	0,0345127599919678	0,0342586927324524	0,0340334519587862	0,0343208670071396	0,0336708685416255	0,0342666632959033	0,0340435427956398	0,0341487138926332	0,0345334958886958	0,0344941516967911	0,0341912144902964	0,0345058482463992	0,0346345310873707	0,0351224896119841	0,0350266638751647	0,0352359107208072	0,0354346021669864	0,0361085925722194	0,0354841560183395	0,03523218279575	0,0345707166483413	0,0353903814611529	0,0350687181228723	0,0357650680275284	0,035802927750587	0,0355150634337656	0,0355976716322859	0,0357080180593188	0,0342082158939951	0,0358434573089108	0,0354388646416125	0,0358823905778949	0,0358413240799633	0,035280115700127	0,0353871849581267	0,0351262165955646	
10,1663888888889	0,0325976128279079	0,0338516309252567	0,0339854433079201	0,0338734859077041	0,0342697315091581	0,0345125638831398	0,0344639865449024	0,0347758301144888	0,0330847381133776	0,034234518745851	0,0338985405333457	0,0340547647362936	0,0346161425051694	0,0343673818340185	0,0341011629502459	0,0343647135005782	0,0338313760698603	0,0342846711198202	0,0341561005780977	0,0341561005780977	0,0345520703401763	0,0345029547477755	0,0342099782051646	0,0344810680664263	0,0352231610996089	0,0357582115152669	0,035543042009485	0,0357978314529396	0,0359970567243273	0,0366601923022444	0,036178688410425	0,0358026503405476	0,035154187573138	0,0359536692441141	0,0355034453079381	0,0363464571163157	0,036286417417285	0,0361143853224118	0,0362430010207777	0,0363427043919442	0,0346999845307675	0,0363673657457361	0,0358727979808356	0,0364494016294496	0,036415620271205	0,0357657069019332	0,0359022526576351	0,0355521390590057	
10,7272222222222	0,0325721679136916	0,033900931683026	0,0340124714301874	0,0339003955034289	0,0343896664940203	0,0345389179946555	0,0344122119929147	0,0347897545517631	0,0330749282381048	0,0342404662681738	0,0338827019480805	0,0341573013428897	0,0346318234237229	0,0344503272838049	0,0341857365901385	0,0344111383711891	0,0337990694433541	0,0343161333581861	0,0341310138082539	0,0342340271245343	0,0346178594890056	0,0347043356882078	0,0343386750399841	0,0345609342474468	0,0356480985271744	0,0361522785496185	0,0359238167888391	0,0362455297920504	0,0363609087498472	0,036937183893322	0,0364601376015442	0,0362412171542931	0,0355442110779281	0,0363738503578672	0,0359098112512859	0,0367261180173849	0,0367077693097376	0,0364865664993956	0,0366370800652173	0,0366888817439428	0,0351504180695836	0,0368454035168794	0,0362940499179879	0,0368934508242133	0,0368718558711222	0,0361722207737987	0,0365167729235915	0,0358694131925925	
11,3158333333333	0,0327038918908277	0,0338820228625159	0,0340208992271765	0,0339254832099895	0,0342733226471878	0,0345572090744289	0,0344170998695402	0,0348455304095516	0,0331824859850607	0,0342987852549657	0,0339535757487033	0,0341327746990423	0,034674001283694	0,0344139160946928	0,0342027778028113	0,0344558376664335	0,0338968624921849	0,0343624483064745	0,0342266450765518	0,0342934804219008	0,0346893989635982	0,0345810958349325	0,0343969363563481	0,0345816266667551	0,0359831592520325	0,0364344618050644	0,0362644356562041	0,0365522932596478	0,0366472214819103	0,0373780098087205	0,0368125954657806	0,036504836928423	0,0359224530243882	0,0366701566925787	0,0361280364670451	0,0371216401383031	0,0370847994361055	0,0368040584929619	0,0369385353111872	0,0370335480051497	0,0356382051881576	0,03719372881302	0,0367453713471223	0,0371996032322951	0,0371061559841979	0,0366360210052605	0,0367603091409364	0,0362836202283362	
11,8741666666667	0,0326684954020829	0,0338403547877128	0,0339889843386306	0,0338886538126396	0,0342869273997026	0,0345515829814896	0,0343230556035658	0,034849912390098	0,0330645915264795	0,0342497397406775	0,0339136015666032	0,0340734073396753	0,0346052777866337	0,0343878813857373	0,0341620957128656	0,0345122464465704	0,0338361089764411	0,034387349987533	0,034179623103505	0,0342890525049716	0,0346515350702168	0,034616974565348	0,0343145545793259	0,0345696577192149	0,036198405079109	0,036868613157979	0,0365699624463517	0,0368413574399198	0,0370268369907461	0,0376951129489493	0,0371113179099324	0,0367243376193523	0,0362523038913456	0,0370653325867444	0,0364071000446963	0,0374231840773748	0,0374215787038263	0,0371492862068762	0,0371974198051523	0,0372974477868951	0,0359396771930535	0,0375419981906119	0,0370733529320856	0,0375532390465026	0,0373520182163113	0,0369402343736741	0,0370086597009071	0,03663245374303	
12,46	0,0326690630227196	0,0339245116266155	0,0340302261091388	0,0339207934951916	0,0343108395647111	0,0345953583312427	0,0343608162819016	0,0348609000194958	0,0330754798335246	0,0342560844452943	0,0339255739557263	0,0341173669382738	0,0346544126831903	0,0344315378467325	0,0341726360372467	0,0344852513912584	0,0338559968875398	0,0344129257920351	0,0342550213074142	0,03428106893471	0,034697511467962	0,0346357910747582	0,0343315738876177	0,0345799310397083	0,0367686258846096	0,0373153861141418	0,0370536899032018	0,0373180627591278	0,0375258207358647	0,0381298469109559	0,0376243798897369	0,0371949541606718	0,0366830896981515	0,037509753429089	0,0368392059230687	0,0377813708107689	0,0378467557820923	0,0375092178624338	0,0376538448490559	0,0376725963186035	0,0363058623179947	0,038019912720224	0,0374626260914665	0,0379528933319206	0,0378644435725063	0,0373865904881698	0,0374497740687115	0,0369745163999404	
13,0691666666667	0,0327153698082851	0,0339724911003577	0,0340934777660689	0,0339960433843618	0,0343960919707001	0,0346667487299202	0,0345900901901583	0,0348689134008794	0,0331366772163572	0,034311445873043	0,0339821259712521	0,0341786169056547	0,0347037426558127	0,0344925443417726	0,0342659152396471	0,0344796827878995	0,0337894691542813	0,034438421207058	0,0342048581184721	0,0343505524627637	0,0347680874248925	0,0346420878632115	0,0344148449208299	0,0346699654679491	0,0372580312054677	0,037847918700161	0,0375822892117241	0,0379111106072025	0,0380845305090202	0,0387588787055817	0,038212613954763	0,038006185840793	0,0371437084152756	0,038136407859565	0,0373669894166346	0,0384250887812937	0,0384023765862566	0,0381299228518463	0,0383342471269211	0,0383364098026471	0,0369399433595182	0,0386187314320764	0,03794460064448	0,0386414549448862	0,0384434757139397	0,037847378638019	0,0378560197128828	0,0374614060110502	
13,6305555555556	0,0328136521036854	0,0340221339332317	0,0341805669432832	0,0341288164728849	0,0344826566379847	0,0347886966185148	0,0346348485195908	0,0349725310808452	0,0332452090814091	0,0343881643092816	0,0340616034186475	0,0342067112780071	0,0347897651986652	0,0345595469227558	0,0342894231101134	0,0345921226069249	0,0339832013336005	0,0344821227252671	0,0343022315119754	0,0344148549740087	0,0347587774417231	0,0347320656326507	0,0344767836341915	0,0347203129571229	0,0378776975045951	0,0384560052070425	0,0381527553237857	0,0385309076758155	0,0386548753924891	0,0393065570326861	0,0387675550131232	0,0382749993398124	0,0377964515216652	0,0387125593928391	0,0379126756210337	0,0390485727006176	0,0390372421744477	0,038747065634731	0,0389342019100683	0,0389363595707524	0,0374974250769172	0,039189419628159	0,0385928871108879	0,0392849625091033	0,0390275305301475	0,0386128302013277	0,0386861424043525	0,0381742936222976	
14,2166666666667	0,0327856868747369	0,0340849954015949	0,0342405558789604	0,0341308053701692	0,034547045151695	0,0348302735622595	0,0347806552423167	0,0350031816777082	0,0332601779106008	0,034436151017558	0,0341031057418557	0,0343636586214031	0,0348985747153601	0,0346355675223709	0,0344585408208827	0,0346947702600144	0,0340754078801326	0,034553443754218	0,0344015024068417	0,0344681368042455	0,0348857674309139	0,0348051969285952	0,0345289162898163	0,0348553516439594	0,0386174121714233	0,0392411347101599	0,038917311981719	0,0392007110319075	0,0393872303025525	0,0400741606390247	0,0396229197558893	0,0390298951667497	0,0385087025287856	0,0394907668952695	0,0385517525982742	0,0397626679480808	0,0398042233811912	0,0394691947361762	0,0397421615372573	0,0397335275486827	0,0383343933737441	0,0401162859837875	0,039332236525674	0,0400498594140429	0,03989814251376	0,0392265817525345	0,0392152631226313	0,0388817654595261	
14,7775	0,032894144039942	0,0340720660848802	0,0342389259909489	0,0341616187029996	0,0344944044783823	0,0347617777400241	0,0346763711818847	0,0350490805414641	0,0332195761753532	0,0343866478340858	0,0340843251738094	0,0342314612387887	0,0348023517396364	0,0345616325613015	0,0343535793743458	0,0346379437096369	0,0340225002534731	0,034566968569208	0,0343919816924427	0,0344298539705953	0,0348541424830467	0,0347986145022309	0,0345008067045992	0,0347313497277217	0,0391933240976328	0,0398409892438371	0,0395855858958878	0,0399339004407368	0,0400365580138408	0,0407179545487173	0,0401624817507284	0,0395159564971655	0,0392256844258926	0,0402116721823065	0,0391458666441019	0,0403895610109368	0,0404101121357568	0,0400549308763604	0,0402505960326643	0,0403203433235334	0,0389884313274789	0,0407271553073993	0,0400846533291133	0,0405805075978916	0,0405810486423361	0,0400138631979039	0,0399430846036267	0,0393891409285599	
15,3625	0,0329377807451349	0,0342518555778984	0,0343872677273369	0,0342913020032751	0,0347339872754341	0,0349709826145377	0,0347398572194973	0,0352316132534972	0,0332663257535216	0,0345808631310459	0,0342118797482066	0,034672624428411	0,03502597974888	0,0347441263195581	0,0345099214642555	0,0348642119496549	0,034059472345404	0,0347804153645158	0,0346000673797347	0,0346390119355611	0,0351482798922202	0,035014232203209	0,0347638714532317	0,0349880683571279	0,0402816434806293	0,0409713129052144	0,0405892900520231	0,040896072201708	0,04119819651748	0,0418475542377979	0,0412642803807602	0,0405303391211175	0,0401524860730259	0,0413596321989207	0,0401162856584872	0,0414311598036705	0,0416539462291427	0,0412231122030362	0,041455546907224	0,0414062321798057	0,0401249302593507	0,0420135726831278	0,041155951447699	0,041841045003547	0,0414501274325327	0,0411055876961071	0,0409507422095291	0,0403675895650123	
15,9705555555556	0,0330200362802058	0,0341841913209566	0,0343659063911632	0,034278503142795	0,0346879579327546	0,0349328555773157	0,03469169171844	0,0351773573996031	0,0334224554227523	0,0345647610101687	0,0342710427047156	0,0344277388237972	0,0350171878160471	0,0347557044655385	0,0345540962536238	0,0347983848726195	0,0341085435330677	0,0347140951066924	0,0345898242189588	0,0346628890601747	0,0350919262706844	0,0349515353574997	0,0346954255362265	0,0349659460226315	0,0412007708319996	0,0418325665852468	0,0416704661340428	0,041884082741435	0,0421743142063861	0,0427912253087164	0,0423718910322466	0,0415972967884256	0,0411455459430292	0,0422459525582282	0,0410280810554001	0,0425092707506364	0,0425608672450408	0,0422133882061038	0,0424772296974175	0,0424815741084753	0,0411515012304986	0,042930368603217	0,0421922226865342	0,0428749233541163	0,0424299870330979	0,0420207657358898	0,0419122836466123	0,0412765811350362	
16,5319444444444	0,0331423897896995	0,0343264108324666	0,0344853451655538	0,0344949794189859	0,0348114228403297	0,0350761058751463	0,0348258851553489	0,0352669491766275	0,0335609164211412	0,0346962771447525	0,0344034626393098	0,0345870508430092	0,0351790221814144	0,0348928465942539	0,0346898513076878	0,0349110618918181	0,0343729613311138	0,0348590967385776	0,0347027030768956	0,0348339199829099	0,0351345293271667	0,0350991527202955	0,0348344556433661	0,0350621711667321	0,0424684388491256	0,0431498777953554	0,0428103886399093	0,0430876364448891	0,0433044277866797	0,0438652013665071	0,0435120372874012	0,0425818468971904	0,042347975237861	0,0434300743124656	0,042124579168157	0,0437623933347821	0,0438252783361654	0,0433809039514065	0,0436514098550669	0,0435934691596434	0,0423583305251667	0,0441130249932396	0,0433574134107163	0,0440977028755356	0,0435202344357322	0,0432519947702497	0,0431307676598723	0,0423735913986264	
17,1163888888889	0,0332016116780364	0,034454737466314	0,0346161619601043	0,0345245208914489	0,0349093301089446	0,0351728172185537	0,03507412417195	0,035315828557389	0,0336522354658562	0,0347947044531405	0,0344978846732119	0,0346401410128324	0,0352448506260643	0,0349909193535772	0,0347382024719944	0,0350719905159264	0,0344531395039342	0,0349306591506475	0,0347723159964105	0,0349055976343414	0,0352106999656473	0,0351029295542891	0,0348741394800933	0,035120000312092	0,0438575520848874	0,0443678733150822	0,0441308833334213	0,0444796030981446	0,044798599889919	0,0453979656727453	0,0449284468648608	0,0440208767679321	0,0436507622877513	0,0450277678118725	0,0434255822612052	0,0451636887711891	0,0452783539815987	0,0448133284769654	0,0450670658862786	0,0450741617509388	0,0436534825669727	0,0455870083851001	0,0447216920496709	0,0456269036334977	0,0450326798767105	0,0446093547190177	0,0444605252465572	0,0438074781523735	
17,6791666666667	0,0333672194165346	0,0345673351959622	0,0346888620918081	0,0346483493479211	0,0350034975342599	0,0352751205363784	0,0349997632348926	0,0355025820402032	0,0337755783525427	0,0349330847232477	0,0346259623475296	0,0347752308192895	0,0353637416042707	0,0350803245322024	0,0348578836468489	0,0351390209798532	0,0346121043065281	0,0350979326335441	0,0349288176470436	0,0349954955035046	0,0353541312167048	0,0352991425332411	0,0350066983878458	0,0352318842901193	0,0454213635834384	0,0458138742913675	0,0457088784580679	0,0460611522477565	0,0463249976722321	0,0468147954980926	0,0464832723492753	0,0453257496763744	0,0452017561335046	0,0462740772558315	0,0446843151687451	0,0465944824860311	0,046778617035932	0,0462488930200071	0,0465720190302964	0,0464838201126706	0,0451995715426269	0,047239295258474	0,0463890673226713	0,0469951846204246	0,0464038539690009	0,0463578527225109	0,0459074075814498	0,0450335747813194	
18,2636111111111	0,0333927030559066	0,0346370722837785	0,0348475895768355	0,034806229911303	0,0351479681578722	0,0353700271825008	0,0352054882918417	0,0355604539004841	0,0337804822714273	0,0350668078439927	0,0347487626293147	0,0349496627484603	0,0354813682613902	0,0352081763348924	0,0349926481042293	0,0352796843880193	0,0346236498968832	0,0351528060065477	0,0350130676387481	0,0350931429723024	0,0354689956206906	0,0353608844974258	0,0351356050116474	0,0353899266330094	0,0474207602446982	0,0477543127609752	0,0475877810580349	0,048005614326225	0,0482038798278925	0,0487803605793751	0,0484826014119224	0,0471084599228235	0,0470918838819145	0,0483135739354738	0,0466528491687356	0,0485574378607337	0,0488108688568319	0,0483108035412288	0,0486084449042737	0,0484582130592295	0,0471366406444281	0,0493537196841988	0,0481363043220077	0,0491305025424852	0,0483784062064739	0,0481451660843979	0,0476563777460179	0,0468963343634849	
18,8713888888889	0,0334671545409689	0,0347538459285907	0,034923544656228	0,0348886328550014	0,0352695917729439	0,0356175287935538	0,0352120772631169	0,0356820918180352	0,0338629422312153	0,0351529581359582	0,0348505016327088	0,0349939138921445	0,0355594302767227	0,0352910944803485	0,035095459069067	0,0353427053222585	0,0346996207591463	0,0352523903735267	0,0351379109157467	0,0351981029249375	0,0356277506329143	0,0355034909016254	0,0352201395858413	0,0354787507838132	0,0498081174728066	0,0499621163997359	0,0496747329387139	0,0501412018646449	0,050329265462987	0,0508833578381295	0,050546919965941	0,0491044205574167	0,0493619957263128	0,0505875683153476	0,048809839746165	0,0507061941535829	0,0510338365864623	0,0503237002819861	0,0507190054549292	0,0505207511239833	0,0495386118023846	0,0518216351488996	0,050516297010048	0,0514554546750237	0,0504094119776929	0,050500707971005	0,0497958888515326	0,048866965038785	
19,4319444444444	0,0337883018366658	0,035003935208929	0,0351493769834897	0,0352039302087532	0,0354848273254246	0,0357096759026743	0,0354682359713306	0,0359405344597821	0,0342171488236613	0,0353804729009734	0,0350932264085879	0,0351787920869778	0,0358446409477794	0,0354944613057735	0,0353071722222617	0,0356132979718865	0,0350108853619945	0,03553406991487	0,0353751220678825	0,0354222116618265	0,035786258062522	0,035697359752931	0,0354061578175435	0,0356502403174519	0,052427339399806	0,05240229728866	0,0520596437051253	0,0523978455089566	0,052500804590358	0,0529223564890266	0,0528148413765615	0,0511991962124529	0,0522398368869677	0,0530304555052328	0,0507410609057437	0,0529769598455804	0,0531023506760018	0,0525575816596307	0,0528627463773459	0,0526538969965734	0,0521597417981087	0,0541369516549142	0,0532796314808609	0,0538710906917256	0,0525264090164093	0,0530416012637835	0,0522086870415649	0,0509229260371436	
20,015	0,033844438809222	0,0351419885265997	0,0353094725965365	0,0352500698958551	0,0356103569901379	0,035958079130123	0,0355150365281263	0,0360020330233398	0,0342414651425209	0,035499508771662	0,0352618427585141	0,0353651365545799	0,0359050187711578	0,0356082147274797	0,0355128947356066	0,0357115909482791	0,0350617474832732	0,0356194617243276	0,0354459690413669	0,0356007168913919	0,035985951814662	0,0358433911384707	0,0355878637592503	0,0358246366381058	0,0558494490118799	0,0556850730454341	0,0552786079364013	0,0555336553727749	0,0556536635589828	0,0562811619535218	0,0556974131080774	0,0537922267480005	0,0556704897870763	0,0566059311384208	0,0530094068259923	0,0561986036695303	0,0561952342769915	0,0557591186813082	0,0558651605526453	0,0555476733100862	0,0555975808397942	0,0575867686914734	0,0570344585316529	0,0575895855278588	0,0556581504893989	0,0563277834280732	0,0554658149500349	0,0540559020771719	
20,5786111111111	0,0342022796745576	0,0354220050161765	0,0356386716821904	0,0355359145539152	0,0359684040140979	0,0361496236632562	0,0359028637627675	0,0363303856297175	0,034612724076956	0,0358059036463359	0,0355412381602588	0,0356168404137276	0,0362231991010261	0,0359167169752604	0,0357249425523454	0,0360019772419201	0,0354337139647308	0,03592364374722	0,0358064363350891	0,0359113887643142	0,0362184003229429	0,0361293659486269	0,0358213518854563	0,0360057077607811	0,0595727920692498	0,0603848955996798	0,0593196722816736	0,0593764707733073	0,0593207969321921	0,059422589864436	0,0594344016389581	0,0568004688581147	0,0593815323855111	0,06051682271684	0,0557969765203971	0,0600406080575659	0,0600079402773413	0,059284809560071	0,0597376805101567	0,0587088552620473	0,0593995297066803	0,0612730756118806	0,0606769932433221	0,0616471736737436	0,0591257136364479	0,0602682242393335	0,0592049732249103	0,0572457184190774	
21,1625	0,0342854799611299	0,0355854378733828	0,03576451350458	0,035751147101615	0,0361073686489978	0,0363589321981294	0,0360560033725579	0,0364863752961507	0,0347162335561391	0,0359987596497785	0,035688063232347	0,0358629028885144	0,0364146170186965	0,0360731244563666	0,0359142453301231	0,036138939906234	0,0355560444519449	0,0361421506711341	0,0359666636673995	0,0360913163474998	0,0364424621066542	0,0363455474883302	0,0361020178159069	0,0362695301614711	0,0643963650044119	0,064213080199015	0,0643141342164135	0,0646551509368876	0,0643512503526165	0,0642598932611231	0,0647940334526673	0,061254139003192	0,063961403773979	0,0654026680756624	0,0603083063156788	0,0651211257439806	0,0650673558964363	0,064125747364745	0,0647437334200926	0,0639665385699477	0,0637229878915975	0,0658877837695568	0,0653734753289838	0,0667763711279876	0,0641103375109755	0,0650953840288701	0,0637589130102137	0,0619361891363832	
21,7725	0,0347159438443316	0,0358995947466093	0,0361764942990037	0,0360690277571196	0,0364380538501637	0,0367656265565611	0,0363722479675029	0,0368239946846046	0,0350811546045803	0,0363267781830571	0,036025727861113	0,0361615222411574	0,0367822258681341	0,0364011371271632	0,0362770343426473	0,0364985184504303	0,0359279180616295	0,0364530354444817	0,0363155452049302	0,036443939414868	0,0367281465737324	0,0366676499972899	0,0363524546526916	0,036573442022065	0,0691496671750941	0,0690475670347005	0,0692304413529103	0,0699164732513796	0,0696443561904862	0,0696559075894635	0,0700841036356001	0,0662569147771423	0,0691029404031666	0,0705561283195857	0,0657231371487073	0,0704536970313171	0,0706377434172552	0,0696195217230447	0,070071962710365	0,0691963989750067	0,0685910059357703	0,070771486413937	0,0703698023926144	0,0717715208701948	0,0692887234825617	0,0699026032904801	0,0686192388467738	0,0665309309959253	
22,3336111111111	0,0350494431490412	0,0362278056776914	0,0365083573337883	0,0365296994774154	0,036796030908436	0,0369872070361479	0,0367554568589469	0,0371437350619002	0,0354250218353911	0,0366716514162696	0,0364139309347306	0,036497686655261	0,0371282400111146	0,0367533214876582	0,0366380270268225	0,0368499575515044	0,036204878857952	0,0368120480241366	0,0366337574493553	0,0367698708897756	0,0370913746988813	0,0370139143114694	0,0366401618312967	0,0368184550358231	0,0747259996581802	0,0744027661509157	0,0748361287063702	0,075512665406777	0,0754391284826997	0,074889163765436	0,0754589705530503	0,0713061233457726	0,0744994197874401	0,0756480993065691	0,0711980415115317	0,0760225135321533	0,0762341038999778	0,0750372299651809	0,0754910699392692	0,0742956571293368	0,0739017930293329	0,0759862846355678	0,0754583869498062	0,0775462763041518	0,07422058014029	0,075171932440952	0,0736192687270549	0,0712101777030941	
22,9166666666667	0,0351664116574987	0,0365339397928776	0,0367420224055631	0,0367651488512722	0,037120267501967	0,0373157066040582	0,0371358778620428	0,0373889516215794	0,0354714244298833	0,0369216881036675	0,0366473781591706	0,0367796707373078	0,0373787181194074	0,0370126251220743	0,0368888693590881	0,0371294183346482	0,0363641064518753	0,0371245737521516	0,0368910213319337	0,037071825129365	0,0374040330116865	0,0372559348983554	0,0369631185849735	0,0372080157785681	0,0812140197223975	0,0811580180853609	0,0816766071918496	0,082542300847239	0,0822197028982025	0,0813892204065708	0,0826146195588308	0,0774955069735492	0,080765018321714	0,0823976995415646	0,0773986395450904	0,0825769645120388	0,0831158022406428	0,0816897289702499	0,0822627021153721	0,0807900168049026	0,0803973497597955	0,0826211945843458	0,0821480469956223	0,0839555918430825	0,0808013261152662	0,0811919756630296	0,0796866928178272	0,0766179920836265	
23,4788888888889	0,0356382435640727	0,037005681518645	0,0372884480355594	0,0372808763610865	0,0377689784636095	0,0378702390529383	0,0375719399714265	0,037943356295043	0,0361072418014331	0,0375205297971342	0,0372392345109603	0,0373749908346537	0,0379579812207706	0,0375383873783822	0,0374539761897592	0,0376282275620344	0,0370262204944777	0,0376146962251432	0,0375389285286706	0,0375908820961405	0,0379227739005443	0,0377808902487574	0,0374610098288748	0,0376861464481062	0,0886019674107341	0,0883147706111099	0,0890507883215145	0,0901904517277429	0,089943107925004	0,0894494523855825	0,0902863735234652	0,0845465308179664	0,0878563795531124	0,0900340896365913	0,0844072574402326	0,0901696816453188	0,0904886729955348	0,0888241884498054	0,0898466514909846	0,0881961748083759	0,0872880146512729	0,0894335963683685	0,0892976242987627	0,0917970305489324	0,088021685002282	0,0883938524755201	0,0866652466735581	0,0833030933316792	
24,065	0,0361633512421488	0,0375311871143926	0,0378065582044386	0,0378263873753548	0,0381266151581475	0,0383218745733146	0,0381620128226528	0,0384018275206956	0,0366024286062001	0,0380048906669132	0,0376731367863745	0,0377770840829093	0,0384082673247446	0,0380558284833418	0,0379400206240493	0,0381405593482379	0,0373700099722412	0,0380981918494156	0,0379845172130639	0,0380333078698107	0,0384152438868913	0,0382735879762842	0,0378949925727908	0,0380912203785339	0,0959889485622374	0,0961323530906336	0,096738975262785	0,0976957115086342	0,0975567095220457	0,0963775987451022	0,097509360597478	0,0913053970687183	0,0953362598118534	0,0978759883028019	0,091898632655228	0,0975788484526549	0,0981930385470994	0,0968949078968534	0,0974257439368451	0,0953111759769375	0,0954794489480483	0,0972733079299188	0,0973986949342732	0,0994085908671304	0,0951888365730996	0,0961127394197368	0,0939502575799862	0,0900373318318777	
24,6761111111111	0,0367842459567856	0,0380701142799799	0,0384026394536871	0,0383532809187407	0,0386629375511608	0,0388761224833285	0,0385469917067673	0,0390217068282887	0,0371206022300187	0,0385373309501819	0,0382438537388671	0,0383817150419369	0,0389282264013298	0,0384981534180565	0,0384487840271588	0,0386479057879378	0,0380020316589573	0,0386715273637453	0,0385625567110793	0,0387268283498472	0,0389556237523702	0,0388293954203253	0,0384605892405198	0,0386264327429594	0,106256496068336	0,105756851185018	0,106501199422488	0,107595265019308	0,106997303495243	0,105637197283701	0,106896152752429	0,0996152157329521	0,104971246275976	0,107634906704508	0,100926201490812	0,107243682120292	0,108222405174357	0,106079015560973	0,106696433522641	0,104722402739997	0,104696151184587	0,107009242093744	0,1067881171112	0,10954576766885	0,104224518669433	0,105851470016491	0,102885503215968	0,0985502885619045	
25,2347222222222	0,037277627251805	0,0387009974341665	0,0390830411363332	0,0391418054577322	0,0394082315562184	0,039540966267277	0,0392766160516856	0,0396105872727399	0,0377309646286169	0,0392690655522242	0,0390469238934677	0,0390382993245146	0,0397293465239926	0,0391703818084672	0,0392038131336036	0,0393122130316721	0,0386277524166454	0,0394012182487087	0,0392642117290312	0,0393526676872505	0,0396435127204708	0,0395166824955055	0,0390021858021671	0,0392464148414309	0,117710998719628	0,117175729005588	0,118406736996421	0,11921897842189	0,118708397380453	0,117100882574109	0,118696741371324	0,110067062766811	0,1165856956314	0,119863893580314	0,111022863845599	0,11909840642888	0,119659415382545	0,117360319298289	0,118395736178859	0,115784148588295	0,115770641196597	0,118570487986884	0,118184186429988	0,121557292547278	0,115266665613308	0,117259623958101	0,113737111480138	0,108856270335261	
25,8197222222222	0,0379724306242997	0,0393429893034219	0,0397355269505271	0,0397726481832342	0,0401704210628319	0,04021296503106	0,0398834927731923	0,040484482930323	0,0384109251487196	0,039955072516167	0,0396785063097984	0,0398280669418676	0,0403847989020115	0,0397349889849721	0,0398818783285734	0,0400595032255818	0,0393956655248193	0,0400115911742778	0,0399432314435558	0,0399889828283919	0,040278135392797	0,0401747291231327	0,0397021743461836	0,0398947940535698	0,129596527427325	0,129637550476704	0,130452196858442	0,131425149640499	0,130945037619088	0,128526665957306	0,130859430249086	0,120462190369706	0,128824429342033	0,132485532653414	0,122127139542288	0,131347419159157	0,132307068784758	0,129889066762262	0,130611330578179	0,127510790473914	0,128416459448644	0,131100368487274	0,130760571416003	0,134074961069431	0,127242879533494	0,128708204705945	0,125198516042619	0,119455287807541	
26,3775	0,0385718529738452	0,0400978719037582	0,0404752272628514	0,0405307800911067	0,0408172865999588	0,040980318161741	0,0406294982788742	0,041068337455103	0,0390177543607235	0,0406537766808294	0,0403571336959774	0,0404277702807617	0,0410596967348299	0,0405005757301962	0,0405394102943586	0,0407098919589181	0,0399642589113249	0,0407994756014572	0,0407158276527438	0,0407870623071813	0,0410656372115501	0,0408680249634341	0,0404175245675694	0,0404924856330645	0,144361988841187	0,143993583434751	0,145033866044795	0,146497765198178	0,145671052217147	0,142750299166976	0,145336550233251	0,133694803243192	0,14296944380325	0,147073679567042	0,135592627050154	0,145405215455259	0,147008885523724	0,144253763015485	0,144789676137773	0,141225496288942	0,14231847790048	0,145525405723394	0,144821906827211	0,148430368706537	0,140509231055676	0,143147025223737	0,13897805335948	0,132319334185124	
26,9655555555556	0,0394039825970752	0,0410453999047951	0,0414721882078042	0,0415492391682791	0,0418418317369933	0,0419944489284829	0,0416208762668261	0,0420471441858311	0,039859970585336	0,0416561564533171	0,0414244451767109	0,0415486965080834	0,0421096262292699	0,0414597094089587	0,0415465258740813	0,0416870968217913	0,0408876974206162	0,0418076224300565	0,0417071821005118	0,041745726723512	0,0420851756634401	0,0418879914219805	0,0412839592037374	0,0414911783723082	0,162607971602571	0,162126339523215	0,163326394573922	0,16462486383501	0,163776282825133	0,160194437597254	0,163211481903055	0,149876223900082	0,160673216852302	0,164804292952737	0,151943158274259	0,16318993916184	0,164696194245356	0,162051132736411	0,162547021362424	0,158416663064806	0,159461238096967	0,16330700092805	0,162369238945033	0,166318337051457	0,157940363690449	0,160661080307339	0,155791809014717	0,147816307687863	
27,5783333333333	0,0405665555064016	0,0421175587640878	0,0426384996090625	0,0427359410829443	0,0429704315530209	0,0431318865684624	0,0426823455668231	0,0431519371861292	0,0410036648257315	0,0427516420321747	0,042531339233145	0,0425226809633872	0,0432283547833118	0,04254703278706	0,0426834282390654	0,0427700507645177	0,0420391742107381	0,0429308896432814	0,0428160760094915	0,042926556502194	0,0432505780267135	0,0429926416018375	0,0424063522043837	0,0425481151220271	0,181712463090539	0,181208740540487	0,182613316656422	0,18367704023546	0,18308875285914	0,178601128909773	0,182441510245071	0,167326515167059	0,180203787806208	0,185153509053636	0,1699962688494	0,182473625409	0,185339172928811	0,180716015692572	0,182029451948931	0,176790527123033	0,178627779146713	0,182791917964383	0,181620765939009	0,186429198668764	0,175764109474449	0,179042549106434	0,173659968270406	0,164692429802464	
28,2183333333333	0,0417456550623406	0,0434924010529609	0,0440771249739976	0,0441230189852694	0,0444383982761735	0,0446112161059717	0,0440853199774649	0,0445844138990913	0,0422458741134636	0,0442607301253227	0,0439935447703192	0,0440066543268718	0,044634190742742	0,0439116190062555	0,0441383180668329	0,0442197401026558	0,0432404100499674	0,0444203548097191	0,044309376638838	0,0443487351092667	0,0447102345184925	0,0444783152745969	0,043754910771182	0,0439067039518321	0,206620448102789	0,206386186026637	0,207733926419214	0,209641414718209	0,208027883498036	0,202673967762468	0,206962936301388	0,189615308184074	0,204070230452916	0,210099180120972	0,193236364163028	0,207207849823489	0,209762211515288	0,205325251985086	0,206191725392983	0,200595396736574	0,202823549652922	0,207127522051887	0,206147289471124	0,211308334125475	0,200102148025989	0,202918836558308	0,196978751528862	0,186306087615378	
28,8061111111111	0,0430219475443659	0,044826963630064	0,0455102317497822	0,0455890764147291	0,045835010398619	0,0459692647549065	0,0454658879152628	0,0459336422072307	0,0436691230954079	0,045659720250874	0,0454445387948502	0,045374477260591	0,0460958854577436	0,0452590098666725	0,0455430819539818	0,0455868860918533	0,0445723124372003	0,0456690307607103	0,0456482193084079	0,0457714595447375	0,0460925961412891	0,0458004945569442	0,0451878840992711	0,0450899684466898	0,232220580648808	0,231614245410425	0,232958406238776	0,234819478660923	0,232980324337542	0,226832031874625	0,231673075819288	0,211255111824978	0,228955880331126	0,235568521018681	0,215381132798142	0,232228996246287	0,234825404920201	0,230001198777024	0,230851013318417	0,22376092122843	0,227155479161966	0,2319673474623	0,230762937550148	0,23670811691476	0,223407828886455	0,227747287550678	0,220382044282335	0,208061723348007	
29,4166666666667	0,0446717416617321	0,0464135904875033	0,0472775567794374	0,0473515032524592	0,047551495668342	0,0477389694335482	0,0471795286446311	0,0476786620249754	0,0452650294347325	0,047309872578034	0,0471160138458352	0,0470421074548552	0,0478179299731884	0,0469556255753937	0,0472008848446774	0,0472846770030955	0,0463113852245392	0,0473695809721707	0,0474534056880434	0,0475761586458832	0,0477312934800741	0,047535054461378	0,0468625946807884	0,0467493427852921	0,26274428518769	0,262112378742164	0,26307543677089	0,265516456157664	0,263499643542222	0,256374906153008	0,262288465078204	0,238879403629943	0,259393023469336	0,266949168059566	0,243168730797684	0,262846843196683	0,265561722797748	0,260170290090834	0,261207021553468	0,253107440435444	0,257079301900496	0,262457431326552	0,260605988775663	0,267439914823792	0,252811054011879	0,257942278690342	0,24937650747793	0,235109507468992	
30,0588888888889	0,0465274123012967	0,0484414877470633	0,0493712045503267	0,0494981384611696	0,0497411197905779	0,0497983116301391	0,0491383141315715	0,0498659617014477	0,0471025533080626	0,0493294508537515	0,0490877977896515	0,0490768167536858	0,0498516608080193	0,048837499146021	0,049299236866313	0,0492426599615909	0,0483132180054911	0,0493580187387822	0,0495459543584496	0,0496723895635785	0,0498874139245937	0,0495712384549424	0,0487420284646189	0,0486926553116502	0,299003584794961	0,298026541734963	0,299721678190018	0,301886058123495	0,299433321176633	0,29189777246775	0,298260363912311	0,271537266896482	0,29489670693886	0,303291613188842	0,276451942782875	0,298605481573319	0,301889988906104	0,296290457967988	0,297399740300451	0,28759281049233	0,291692306536985	0,297931100531482	0,296019881279715	0,303092511731384	0,286786266283391	0,292319570146638	0,283359293344575	0,267250661920806	
30,6483333333333	0,0484332338851399	0,0504868006062263	0,0516544634656183	0,0517781978650764	0,052042356173119	0,0520628102749872	0,0514716883051984	0,0519130201058344	0,0491470617595322	0,0515081267598419	0,0514164843501796	0,0514247644961072	0,0522286899246544	0,0510048841258837	0,0515384944743099	0,0513927488067511	0,0504350262301422	0,0515937139414205	0,0518091369740136	0,0519412054534933	0,0521656481939727	0,0517428415821214	0,0508394711644399	0,0508499454501607	0,322892558359889	0,318582223546032	0,323311500602833	0,326197264547851	0,328265106746657	0,320477605141925	0,331870048987092	0,305896151965774	0,327634856550587	0,32164226462334	0,311105435434734	0,320774122283814	0,32961843134885	0,326698476007049	0,330694474803363	0,327359669945704	0,328062575668568	0,321267055302714	0,322368933160147	0,32812729182709	0,326466515814227	0,330421540919058	0,320326859185335	0,300323453557609	
31,2575	0,0507585775744236	0,0530090694574226	0,054319807715174	0,05456251594073	0,0548322265387308	0,0547191739066801	0,0539085201573906	0,0546251723461457	0,0516561529248485	0,0541727947432551	0,0540744412262667	0,0540342121155504	0,0548277486470486	0,0535763099444054	0,0542521643873351	0,0539766686154831	0,052888688930933	0,0541459688477501	0,0544260457762897	0,0545748227355366	0,0547572279425258	0,0543281939857288	0,0533910526269465	0,0534005367750119	0,309419479892234	0,305937823507275	0,309486883259529	0,311930515659684	0,313394997556018	0,305480024128835	0,315205810963557	0,317095872032115	0,311212748571289	0,309774722790051	0,322740188083428	0,307767849314659	0,314996877111962	0,310792748202698	0,314179434550048	0,313101705840623	0,310347950506391	0,307652620343733	0,307584499333244	0,314097063068665	0,309259564505199	0,312209855492958	0,311302657188479	0,316337838150869	
31,8977777777778	0,0534778390157834	0,0559467561085846	0,0576586190571665	0,0577550105079731	0,057904683817779	0,0579770163744664	0,056970490393809	0,057713537145296	0,0543911937953009	0,0572799853788011	0,0572407966038976	0,0570393101718261	0,0578620749270857	0,0564113843800474	0,0572777459249713	0,0568407136594807	0,0557581427699867	0,0572626299136599	0,057704010040308	0,0577611758054251	0,0578570294142217	0,0574412564097802	0,0563208769151406	0,0562192181825986	0,304621411363376	0,301080539215197	0,304138793760301	0,306627838429072	0,307465680260159	0,300017910237742	0,309604417012402	0,307120198074322	0,305707281886061	0,305074848247514	0,3114751920273	0,302136919634757	0,309211225971862	0,305385993598194	0,308369015022552	0,306340637838146	0,30546133618251	0,303503703519655	0,302199892236349	0,308708500280422	0,303656711879496	0,307028646565729	0,305132304173143	0,305015419080931	
32,4844444444444	0,0565814926122326	0,0591184095781948	0,0610950319670169	0,0613918511971766	0,0614804848558509	0,0613754813539121	0,0602885508192437	0,0614454808676073	0,0577129037263159	0,0606676527613553	0,0607149933295293	0,0605369294226217	0,0613331484135097	0,0596707552154176	0,0605296055720156	0,060333597616417	0,0590493455594754	0,0604896082593904	0,0610042209877845	0,0609980172038852	0,0610995448090567	0,0606823052429328	0,0594082613010139	0,0593560062905366	0,303941469164573	0,300085667733194	0,302545499423544	0,30485022340728	0,305637040087225	0,297470502946777	0,307722305825071	0,303248341805737	0,305173684875732	0,304465746350329	0,307619794669071	0,299869578688526	0,307376054638995	0,303709646297905	0,306697288470028	0,304190199769663	0,304629774619792	0,302088376786907	0,300877608968825	0,307052936972451	0,300731642282468	0,304418328033793	0,302066761395357	0,301384464759305	
33,4072222222222	0,0620831210503734	0,0650371974152729	0,0678948528407221	0,0683213892240719	0,0683254151475469	0,0681074938213388	0,066802830335313	0,0681057692865505	0,0638561146108503	0,0671256178160039	0,0673424730526962	0,066973654213315	0,0675938852576444	0,06566724270306	0,0667707367021843	0,0664573753401103	0,0654906464460669	0,0671261913642789	0,0676955246461797	0,0675737898900364	0,0674974359721299	0,0669398280434061	0,0653969481446792	0,0651599359964099	0,303695705838478	0,300145376231746	0,302496872225497	0,304693633772806	0,305537919294051	0,297683641707252	0,307599462567474	0,303044528071359	0,304961325722213	0,30448158027066	0,306910529435566	0,299889457549245	0,307197535177525	0,303954867433908	0,306790999665914	0,304783837441353	0,304383515771408	0,302135107585802	0,300996581063057	0,307044043235439	0,300631153865055	0,304960333966061	0,30264087332228	0,301808103068512	
34,0188888888889	0,0666666973908411	0,0699247297418197	0,0734765780949369	0,0738089253645984	0,0741065044474722	0,0736351401548538	0,0723182678725449	0,0735535200997542	0,0690324900570916	0,0726392584983552	0,0729500079703939	0,0724705925396763	0,0730926547371073	0,0708361852090908	0,0722851356114	0,0718215491636092	0,0708182269836862	0,0724362857587594	0,0731107072595366	0,0730623747715553	0,0729535008009945	0,0721346190952105	0,0703816651227094	0,0699912157610895	0,302277844547695	0,300531268428164	0,301529296277662	0,303479795580151	0,304397333430548	0,296690545228565	0,306542168852158	0,30291497828976	0,30385608849706	0,303147344800768	0,307199570458962	0,298408994327562	0,305893723453548	0,30265309702875	0,305410260993571	0,303532258978042	0,302629387277247	0,300922725887405	0,299357047750472	0,305657893661693	0,299752354519223	0,303692658100918	0,301673185615227	0,301164858569188	
34,6583333333333	0,072501577401737	0,0759328216996381	0,0798163295554682	0,0805333931125422	0,0808888078070138	0,0807849420498439	0,0790218321162002	0,0797849480353364	0,0759410377375431	0,0796345850464929	0,0801705650602642	0,0798589646874975	0,0806994939955024	0,0778012713325729	0,079412687567519	0,0789006851376604	0,0777718031053253	0,0793570830332642	0,0802191616937116	0,0803993722869444	0,0801213813220587	0,0791690268401186	0,0772169950715101	0,0767775391515953	0,300600558903805	0,29751834913821	0,300267938866918	0,302309987735102	0,303201398504653	0,295713732630823	0,305454389061899	0,301837816804196	0,302082728438584	0,301682843301514	0,306597759173838	0,297372726373195	0,304828655284702	0,301400676929353	0,304392468470648	0,302402901865458	0,301337559898468	0,29884782407919	0,297769638775839	0,304356718592735	0,29875076594071	0,302466173926327	0,30042142415244	0,300452915019363	
35,2466666666667	0,0780499203687846	0,0818862545014173	0,0865059182868664	0,0874397734137354	0,0876426563245492	0,0873380648201277	0,085496301873092	0,0860113776594385	0,0824443472298008	0,0864291943770911	0,087047600019444	0,0866086408031106	0,0875360552771706	0,0844559524978214	0,0861972926879645	0,085295021432783	0,0840874914076927	0,085807445575543	0,0869695707134386	0,0870058616700115	0,0868637394083224	0,0857766830710914	0,0836779229384469	0,0832933284198204	0,29877589817672	0,295394790747323	0,298051544057243	0,300084961446707	0,30113248555672	0,293444458038434	0,303332681321115	0,300070142127253	0,299808417496116	0,29940280916322	0,304432981637772	0,295330289825025	0,302368227254706	0,299400836325933	0,302371206802945	0,300454620059204	0,299063612874536	0,296845657989525	0,295668537601795	0,30220736199816	0,296664279348706	0,300248995687633	0,298716802317759	0,298510030114177	
35,8569444444444	0,0850215109822784	0,0886861163440279	0,0941311143572602	0,094910739160004	0,0948442427464174	0,0944521819617399	0,0922284738062203	0,0926227796401525	0,0893710760869877	0,0935146236818341	0,0945094751401692	0,0939630597587438	0,0945295904954201	0,0914282244387373	0,0932769031191136	0,0920581231347181	0,0912618173026642	0,0930696877782504	0,0942815662049397	0,0943705217721577	0,0942797385418494	0,0929257282925972	0,0903262842036384	0,0897453107529378	0,294458944725416	0,291555377245864	0,294190494518602	0,296275821919155	0,297032107119061	0,289353137254652	0,299314757799346	0,296122589547056	0,295689370323834	0,295534408005967	0,300751083768442	0,291225431091748	0,298620802384476	0,295180139471009	0,298253289459388	0,296191440443236	0,295196588168723	0,292861313181461	0,291837564912275	0,297950349589883	0,292553454370795	0,296199198974972	0,294549753211635	0,294734326835135	
36,4991666666667	0,092962240639561	0,0976832230208038	0,103624219381228	0,104745927618094	0,104371493897234	0,104110146130306	0,10158563056617	0,101299184965373	0,0991729497107365	0,103184473704754	0,103892163283884	0,103604192832595	0,104135208642072	0,100447192779533	0,10271207143906	0,101112474351756	0,100389417350589	0,102560336917097	0,103693067686349	0,10398172345306	0,103408356830825	0,102083623646047	0,0994914701048208	0,0986492005536088	0,291983767514247	0,28902445849256	0,291647846660483	0,293695394235565	0,294604745147059	0,287305312103874	0,296730743734919	0,293794292105808	0,293150889884631	0,292907924139642	0,298193714145428	0,289047477634716	0,296299443921232	0,292856637992313	0,295806218729807	0,294122173556557	0,292401134512945	0,29033850076487	0,289579175589078	0,295830574413789	0,290132679006382	0,293964992385409	0,292146029244533	0,292372137730113	
37,0886111111111	0,101652409995661	0,106356420354956	0,11302728915166	0,115214066857558	0,114368584473099	0,114546410236001	0,110913227856911	0,110196200050696	0,108804971866429	0,113680436865447	0,113831697349224	0,113889395311131	0,113965696608773	0,110200649987899	0,112891660091923	0,110509714299853	0,109872112954398	0,112779734045927	0,113156560032964	0,113650319245192	0,113159120240954	0,111560013006401	0,109139677986833	0,108150884703256	0,289751830873286	0,286800455677155	0,289399217326093	0,291461303146769	0,292344192512752	0,285163404525566	0,294421314139704	0,291514380339905	0,29099353940372	0,290839336044272	0,295717391228584	0,286904528277534	0,294250349650093	0,29101667463076	0,293896977391457	0,29198463798677	0,290159566778084	0,288041401697413	0,287100328735414	0,293757261107341	0,288003106910024	0,291824287617071	0,28995757426219	0,29038475487494	
37,6980555555556	0,112163527539154	0,117065955193085	0,124665075925715	0,127176011245581	0,125550212044385	0,126199933312283	0,121903665321372	0,121417331803869	0,119728526813604	0,125981934653582	0,125918728921963	0,126487252726721	0,126098494342006	0,1220876491536	0,125353578332247	0,121868443264637	0,121672817172458	0,125170177637575	0,123191229278125	0,124583684067674	0,125373303449517	0,12316506112727	0,120932193114138	0,119406079635712	0,288173472102917	0,284949454812212	0,287731769990576	0,289718177028583	0,290739815076852	0,283740556007264	0,293188823392986	0,290058135842741	0,289148334881005	0,289053433840001	0,294015994035063	0,285371227246649	0,292816433193471	0,28948113164578	0,292076470086862	0,290380093538187	0,288315064808433	0,286476997802699	0,285510958425816	0,291988646969565	0,286907887150427	0,290225331840653	0,288380136397311	0,28884932309109	
38,3369444444444	0,123192781824209	0,129190360574032	0,137589529250665	0,140925692432015	0,136870532050962	0,138765869548827	0,134132507520722	0,134140558957168	0,13229665707487	0,139533527649061	0,139331130598618	0,140241300150431	0,139481221386518	0,1349874638054	0,138770616577698	0,134664894531606	0,134870504758336	0,138786892499182	0,13627609649501	0,136144634395142	0,137504998861911	0,134832869465126	0,133683875900459	0,131752483134394	0,28502277156645	0,282573810807447	0,284996181274996	0,286968273383314	0,287884072646205	0,280823698357172	0,290147940110036	0,287052228759599	0,28624768821909	0,286371513277495	0,291109960886854	0,282496381649201	0,289621655198009	0,286489656240448	0,289125725861078	0,287508542821524	0,285799355948818	0,28378236015736	0,282769333650657	0,289066290721443	0,284409709686718	0,287100892145865	0,285183297545222	0,285494069641228	
38,9247222222222	0,1359815080478	0,141979583820035	0,151847473976296	0,15579235433248	0,151757647246224	0,152590475059008	0,147579367966893	0,148045092700254	0,145803853013099	0,153906038302887	0,153495501424891	0,154784364799559	0,15390323946367	0,148953830211539	0,153266971906341	0,148617755858057	0,148843159730709	0,153021105034057	0,151900403849218	0,151696380755356	0,150946566831187	0,148469854930722	0,147200946462143	0,144746813589411	0,283185013340649	0,280289515102806	0,282983403698695	0,285001831633088	0,286034492877329	0,278980073649002	0,288286423413761	0,284869374010093	0,284285150506348	0,284344671309173	0,289030755017398	0,280570423380344	0,287801386284309	0,28464712520867	0,287371119332092	0,285517855323783	0,283526267159402	0,281717476687027	0,28075217418653	0,287329257697234	0,281708085378651	0,285203433965685	0,283628129645906	0,283269830407777	
39,5383333333333	0,150881907039521	0,157805462180559	0,169000007465667	0,173243049432587	0,170219111122967	0,169091539585604	0,163989475564722	0,164258822856469	0,162303212988049	0,17065273188902	0,171059051958803	0,172706458893968	0,170967833935191	0,165641225032033	0,170373561651277	0,16495487113061	0,165139136689658	0,16992493285818	0,170367732332074	0,170775244408592	0,169140945888702	0,166391476474686	0,163114353015061	0,160144229103157	0,28102085525471	0,278813458746737	0,281037777540473	0,283495678520496	0,283839970098922	0,276830390389383	0,286171104834581	0,282607834370302	0,282087306694423	0,282355036490937	0,286847070435326	0,278724610299509	0,285980881763621	0,282584246254453	0,285280628085128	0,283514588555481	0,281481752982334	0,279788243421155	0,278951911501693	0,285003498998266	0,279642026735784	0,283071364826059	0,281537281839054	0,281281343460905	
40,1802777777778	0,169591292305465	0,177050404743301	0,189995062818327	0,1931459933026	0,192572227851731	0,189767124995876	0,184539292101804	0,184612847778712	0,182482533993913	0,190933145563501	0,192340641420969	0,193444651178565	0,191851124238235	0,186412834412879	0,19022312033591	0,184516027083168	0,185359617352514	0,189732944638449	0,191645859278156	0,192025943009903	0,190491621467748	0,187351512156024	0,181915216092339	0,178505319089812	0,279279210810184	0,277043749220935	0,279362296228521	0,281849132787236	0,282612266648973	0,275262518142395	0,284736730318334	0,281461500980431	0,280381150740881	0,280544951212733	0,285437732619618	0,277030748143776	0,28424925041024	0,280974870203813	0,283850037987115	0,282015366676092	0,280429816430101	0,278441776376317	0,276795867150439	0,28399156068787	0,278066481001021	0,281411781502246	0,280044383911116	0,279549063048111	
40,7675	0,187606587624785	0,196153738976596	0,210810189467796	0,216722240736241	0,214794850872688	0,210967946859102	0,204871695868703	0,204665612197907	0,202771230096545	0,212278665928494	0,215363270124571	0,214144063852094	0,214269946545394	0,206689620023849	0,209971115017539	0,206451757314075	0,207139536649657	0,210851825446248	0,214508093731773	0,214480639600382	0,212842994886378	0,20850961087215	0,202098176102587	0,198715758784924	0,277617554327537	0,275532731123488	0,277891242756026	0,280249479856184	0,281099594157551	0,273883528376118	0,283049659495141	0,279405714587558	0,278811651823752	0,279257591361576	0,283551089876827	0,275458391565934	0,282646097591369	0,279563268138186	0,282204216502449	0,280358472299485	0,277616620532607	0,276857176677696	0,27580510845276	0,281786353982588	0,277066963888234	0,280025004038488	0,27829882563412	0,278124901748583	
41,3772222222222	0,209390171936421	0,219773528692469	0,236055778312239	0,239921698913306	0,239004592017368	0,236365149070362	0,229756740931956	0,229585111325058	0,227301786477331	0,238589918404343	0,241747969808684	0,239318639339021	0,240159212054039	0,22996613716611	0,234996748551947	0,228823225465746	0,232053043653217	0,236599873888731	0,241595630322093	0,241747969808684	0,239914841257548	0,2355768584777	0,226639492069038	0,222405127039158	0,276283164225975	0,274166927255465	0,276485471487395	0,278946795908913	0,279893137301148	0,272571702899691	0,28183450981774	0,278259925647645	0,277493750418521	0,27834888578272	0,282123489854327	0,274443423257095	0,281426865078761	0,278291761918004	0,28087828131173	0,27899275096248	0,276328838274031	0,275166112746155	0,274045436033763	0,280788801601422	0,275245142745125	0,278748963356344	0,276766247350451	0,276745719376518	
42,0169444444444	0,235397818451874	0,247772210464006	0,265897654323264	0,271083922684293	0,269513219142615	0,265807106508599	0,258352245094873	0,257567995613622	0,255980718552603	0,268921905188091	0,271361696320642	0,269657519713084	0,268830724701026	0,257759925807476	0,264849361935182	0,256064813899126	0,260303889149766	0,267039269307617	0,269568011181181	0,269862179943041	0,267655300262969	0,26294828081871	0,255664842588305	0,250527304893395	0,274525972191968	0,272619858964963	0,274732940125751	0,27725123575397	0,278124969712618	0,270651572824893	0,280222953875748	0,276588037460829	0,275760924429432	0,276295771630431	0,28041299150363	0,272998940120165	0,279682316533817	0,276710569264604	0,278921140903564	0,277095097959702	0,274758818053977	0,273405992514248	0,272727477015887	0,278707504433113	0,273763629246315	0,27738046364059	0,275172149630187	0,274758818053977	
42,6069444444444	0,262323973121655	0,27599658237662	0,296173836129258	0,302561962859383	0,304254186121474	0,297438493873359	0,289099188943704	0,288099507235694	0,285744433425859	0,300338827902755	0,303552916682917	0,302230829307737	0,300606500279957	0,288813604433811	0,297373023840964	0,287387537159214	0,2920213842006	0,298926442161935	0,302236757837966	0,302898297059542	0,300289641367288	0,294976978820674	0,28651851005329	0,280948048956831	0,273955032084874	0,272705151194736	0,274804821246508	0,27677209929956	0,277630225008782	0,271054948207494	0,280096494562253	0,276216156097897	0,275121252521352	0,27566278254366	0,280409289064075	0,272715305843547	0,279306588280238	0,276318537724628	0,279031115831326	0,277621822083001	0,274828939853627	0,273320397425645	0,272007818178164	0,278439534630501	0,273533997385919	0,276514060604288	0,275070199622143	0,274334775928245	
43,2186111111111	0,295337650653973	0,31337557982271	0,309012774469942	0,311013593792779	0,312359399732461	0,307990613787197	0,307496037913213	0,317404504683642	0,313178681249803	0,320530270010804	0,31795071712052	0,315758690494335	0,319098970248215	0,313743090495282	0,322764301119737	0,320104115460709	0,306317774161608	0,318102335549216	0,314919170783237	0,315520713040374	0,319462044744856	0,315040027206592	0,319045207239528	0,319587277565556	0,272907739978123	0,270788685514822	0,273418413721505	0,275556917257269	0,276635756752228	0,270059380637663	0,278842031780629	0,274806495650149	0,273769443046855	0,274830772935044	0,279159747654302	0,271908595078625	0,278209178592289	0,275027842651619	0,27737525952339	0,275861942058943	0,273679098043855	0,27151551048088	0,27117370494263	0,277110470426003	0,272162806108356	0,275477421449418	0,274002377670033	0,273387700517141	
43,8577777777778	0,296529509604133	0,300693225527163	0,303256689074662	0,305800665455229	0,304873498210471	0,301627215723277	0,300066460130436	0,307080750135794	0,30220116331413	0,309442249838566	0,308111329684924	0,305905790047456	0,308172145538204	0,301864958143618	0,310320111195897	0,305625183921982	0,297188127766998	0,307423009660945	0,30555183977477	0,305988122353584	0,308981507612785	0,303497298173568	0,304358270972115	0,304149782661532	0,270555526892929	0,268852738323796	0,271087075076639	0,273036765786743	0,274120443613012	0,267488761275125	0,276240359434737	0,272551507155745	0,27167335549426	0,272630508538129	0,276592523678341	0,268975706638714	0,275589607451894	0,27305883588541	0,27482993432219	0,273722381928395	0,270837230442828	0,269761704101567	0,268423078128618	0,274706220533684	0,269527214920549	0,273167363520165	0,271454323797127	0,271196942385253	
44,4463888888889	0,290261375687364	0,298931906663809	0,299869803072477	0,305446497935123	0,304180617934236	0,299772481959477	0,297792463922054	0,303103600944566	0,302948120332517	0,31234553574544	0,309487508823981	0,308414312352434	0,309577983281034	0,302309945843248	0,31068329198856	0,305487330014913	0,298146811057948	0,307578876115614	0,306393594576092	0,307242751118888	0,310032651358444	0,303843143003081	0,303912601701803	0,303105581948409	0,269509109544255	0,267141145604382	0,269809913870134	0,272031115109186	0,272729712529064	0,266326774892518	0,275037425690724	0,27146254674054	0,270655665965282	0,271485569893443	0,275356022605071	0,267984452075037	0,274757105143902	0,271758256839518	0,27369408954458	0,272394577757279	0,270460840895013	0,268436897900092	0,267456737441554	0,274371264270601	0,26793877667609	0,271736140707625	0,269925522164192	0,26973377600985	
45,0569444444444	0,284548450156217	0,294098768024057	0,29687440684495	0,301326412289819	0,301931710497843	0,297129396340707	0,295267806138313	0,30030238923334	0,295946571716742	0,306095803368583	0,305022667488475	0,303907506131024	0,305338254849107	0,297680919965483	0,307260617197312	0,301879343065107	0,293984268571095	0,303965082487026	0,302797181087653	0,303486834817536	0,306552964953352	0,300209863216533	0,300157702981474	0,299896012229532	0,268573029703805	0,266081144227873	0,268753335336014	0,271124395749716	0,271652139076074	0,265198595055016	0,273825117329397	0,270532943760818	0,269517490046775	0,270001049357561	0,274066922959906	0,267081290104383	0,273484409229685	0,270882382569032	0,273445541054381	0,271190673829611	0,268324202762092	0,267696365812999	0,266132097788191	0,272631035555798	0,267237258020485	0,270655215363991	0,268927305112585	0,268654478308254	
45,6988888888889	0,280128230526765	0,290354864429916	0,294166960190638	0,298176768138158	0,299357503903111	0,294736006433382	0,292624226649096	0,297745544866859	0,292144567757293	0,302840156555698	0,301720776770719	0,300233398158618	0,302351058380101	0,294459132304617	0,303727064721895	0,298712979451157	0,290622418535606	0,301011819115565	0,30050318437658	0,300837952207508	0,303547166329576	0,297377100525144	0,29741412577445	0,297220265398674	0,266732461963466	0,264665497586751	0,267657717233268	0,269626569798338	0,270555270259855	0,26388186564557	0,272698387954221	0,269611032106486	0,268073724278918	0,269688726125241	0,273335831821476	0,265772935272719	0,272646843799204	0,26948766428462	0,271965379581339	0,269993237828467	0,267180301120257	0,266056582060935	0,265130205140023	0,271429971422891	0,266130922716419	0,269760948324623	0,26808829629946	0,266984939225702	
46,2891666666667	0,278625189418459	0,2887538656953	0,292245172572914	0,295713364044018	0,296755356275167	0,292999247360587	0,290848349232734	0,295884106649123	0,28970560825749	0,299841578885696	0,299591954250013	0,298092335672002	0,300172675179805	0,292850832885	0,302001182856148	0,297016975070849	0,288839780861593	0,299367903754086	0,298536308307295	0,299205563836062	0,301615593582648	0,296073360116163	0,295894780291108	0,29565517167725	0,266280503030029	0,263832030703983	0,266623250429473	0,268768381425992	0,26991027865126	0,26295236595076	0,271942251561795	0,268614350271266	0,26727957728167	0,268314647408611	0,271817384116126	0,264564492103068	0,271660432598506	0,268750150036708	0,271137670149506	0,269292861439107	0,26585924003567	0,265126401511993	0,264012325284964	0,270810575958099	0,265372352617125	0,268430313671295	0,267376794337737	0,266440962184549	
46,8980555555556	0,275293162902689	0,286238334860628	0,289670109176362	0,293408614963807	0,294526060499248	0,290363392106744	0,288620737682161	0,293897993732873	0,287458054545184	0,297660491197383	0,297497843260376	0,296031864807248	0,298096806000426	0,291076122786432	0,29964755051219	0,294931967329674	0,286642298219561	0,29719328719593	0,29644015935854	0,296960362743479	0,299430033931419	0,293711498696245	0,293787252646466	0,293710527577539	0,265310570891997	0,262750205526207	0,266040719512063	0,267727844595112	0,268535379756245	0,262312745751111	0,271002054865612	0,268081070915211	0,266140048997956	0,267133681884174	0,270979935964678	0,26407339840936	0,270752361042331	0,267865074582446	0,270355541992392	0,268251381042617	0,265143228479225	0,26399449159625	0,263247854373105	0,269711827937502	0,2645008326521	0,267730588769949	0,267317328472959	0,265793861128002	
47,5322222222222	0,27241359500957	0,283290344291263	0,286977315695998	0,290715181250933	0,291716434196233	0,287623487499852	0,285972579853695	0,290757699645913	0,284971116676096	0,294970196002969	0,29503167534771	0,293195929397132	0,295512099368103	0,288097702478559	0,296978134809628	0,292384250883546	0,284242237057564	0,294631727569887	0,293880626732161	0,294568355025707	0,297025192504145	0,291387265519358	0,291633150308872	0,291240188419335	0,264110428810364	0,262378866860522	0,264757111261747	0,266729472020074	0,268004129872123	0,261499857907651	0,270394100656433	0,266915126776105	0,265077625825048	0,265952960631753	0,26984026696504	0,263124524072363	0,269663483823872	0,26671849983872	0,269778568840117	0,267529358823726	0,264025912824077	0,263569992035731	0,262422320842142	0,268915714170559	0,263361263798666	0,266658157795816	0,26527989023591	0,264841769676825	
48,1252777777778	0,272262913641243	0,280968539295796	0,284239336547942	0,28816571840578	0,289201775608086	0,28520810994556	0,28353475257226	0,288553232331113	0,282448865771806	0,292532513892965	0,29228913428426	0,290873094200754	0,293194771570082	0,285984877938414	0,295032135444853	0,290292206226299	0,281696293442689	0,292437850059791	0,291500054952907	0,29185679590465	0,294423344653436	0,289353273796199	0,289168223031766	0,28873131762015	0,263067098034813	0,261183657557736	0,263648821555706	0,266148058523808	0,266966126796258	0,260722824723162	0,269134761664794	0,266338106038365	0,263883899851007	0,265025838205251	0,269134761664794	0,262327520112352	0,268809918664949	0,265665584262925	0,268378390680537	0,266300817432391	0,263058071201688	0,262064462020697	0,262147326145946	0,267672596993815	0,262822537186544	0,265869048535516	0,264963275362158	0,263542174140645	
48,7388888888889	0,267598544843032	0,278040395385258	0,281715377682735	0,284989632827494	0,286538199975903	0,283115878894115	0,28078829544128	0,285862822278275	0,279348316013302	0,289403993441804	0,289508753531247	0,288138299275553	0,290416129023884	0,283519561739151	0,292207569999771	0,287279652904896	0,278647455760844	0,289333847141507	0,288492015109709	0,289438590309655	0,291723268166944	0,286235676430235	0,286374982863772	0,286010590617638	0,261892167270176	0,259562255663243	0,262428284337681	0,264746425051573	0,265424280554974	0,259747112233559	0,267793254947539	0,264696490961832	0,262353332568161	0,263444569603733	0,267769482838863	0,260789523731684	0,267492542242	0,264521313109235	0,26699303351478	0,264898986560492	0,261344999842859	0,260363270473638	0,260224873121553	0,266243479369567	0,260949701634313	0,26417116924186	0,263011182123262	0,262145702455519	
49,3694444444444	0,264454765289071	0,275217125859126	0,279375189773577	0,284118680377784	0,284402965816247	0,280349338201719	0,278318805263973	0,283284962945611	0,277344516888986	0,287298228552615	0,287236955406939	0,285909262005982	0,288192459142672	0,281214253684014	0,289914213731874	0,285186426277192	0,276551711638674	0,28725418760541	0,286396280592625	0,287000560390265	0,28951657558378	0,283967580934523	0,284137690319807	0,283713966107459	0,260865108102627	0,258893864229951	0,261384350083449	0,263631626572481	0,264655568220199	0,258303246407861	0,266707983194823	0,263514680545004	0,261972853211415	0,262674321225511	0,266760034482235	0,260704773392132	0,266684242573973	0,263616213278828	0,265860516759814	0,264454765289071	0,261622543623861	0,259659545972125	0,259492470936902	0,26535046282392	0,260409480105581	0,264371200480831	0,262340621047772	0,261561178249972	
49,9686111111111	0,262413538365165	0,27296933916847	0,276598466571756	0,280699496015519	0,282146788039879	0,278114307399137	0,2759549501184	0,280748350468957	0,274517924372113	0,284718235609747	0,284687894606591	0,283527993944855	0,285969750858507	0,279036090888349	0,28740898192304	0,282746690596439	0,27410504496794	0,284674621084229	0,284276603939363	0,284778923975916	0,287162898401755	0,282010133723592	0,281728478779405	0,281262594981401	0,259626660352947	0,257202726369177	0,259817328649585	0,262202820709946	0,263242091095063	0,256778413870964	0,265080640533271	0,262148807006427	0,260231178788342	0,260944248000565	0,264735488909185	0,258335364988167	0,265077921732226	0,26253965765728	0,265009051115737	0,262987677169828	0,261296280866973	0,257666652980289	0,257678235223725	0,264291091359555	0,258620102903787	0,262193817959503	0,261076226887949	0,26003047492438	
50,8161111111111	0,260953371662169	0,269007644805303	0,273176620942659	0,27821651072877	0,279704726086953	0,275780009429695	0,274657850089941	0,279212778917962	0,272883384659433	0,281930131420937	0,281804572538694	0,281148103896357	0,283724012071427	0,277087112576266	0,285605311666329	0,28155922387901	0,273079470274197	0,282865885153866	0,281949959826341	0,283056117999722	0,285413959167154	0,280501095754007	0,280722307410851	0,280518035641444	0,259816781408774	0,257229466923482	0,260171365793873	0,262574896085447	0,264032123375447	0,257830188604716	0,265732512298789	0,266000023542743	0,261784559250681	0,261885526729996	0,265442439770416	0,260261179935065	0,266177545403814	0,263683427393784	0,266191203937658	0,265861697836512	0,263353103819647	0,259975635323449	0,260104017375057	0,26592994514584	0,261105442016771	0,264691334530085	0,265285208698794	0,263749522268536	
